<?xml version="1.0" encoding="utf-8"?>
<!--Created using XmlSitemapGenerator.org - Free HTML, RSS and XML sitemap generator-->
<rss version="2.0">
  <channel>
    <title>ipad_kidDeamon Of Hope</title>
    <link>https://ipadkid358.github.io</link>
    <description />
    <item>
      <guid>https://ipadkid358.github.io/</guid>
      <title>ipad_kidDeamon Of Hope</title>
      <link>https://ipadkid358.github.io/</link>
      <description />
    </item>
    <item>
      <guid>https://ipadkid358.github.io/packages.html</guid>
      <title>About the packages on my Cydia repo</title>
      <link>https://ipadkid358.github.io/packages.html</link>
      <description />
    </item>
    <item>
      <guid>https://ipadkid358.github.io/links.html</guid>
      <title>Links</title>
      <link>https://ipadkid358.github.io/links.html</link>
      <description />
    </item>
    <item>
      <guid>https://ipadkid358.github.io/about.html</guid>
      <title>About</title>
      <link>https://ipadkid358.github.io/about.html</link>
      <description />
    </item>
    <item>
      <guid>https://ipadkid358.github.io/contact.html</guid>
      <title>Contact</title>
      <link>https://ipadkid358.github.io/contact.html</link>
      <description />
    </item>
    <item>
      <guid>https://ipadkid358.github.io/jailbreak933.html</guid>
      <title>iOS 9.2 - 9.3.3 Jailbreak Info</title>
      <link>https://ipadkid358.github.io/jailbreak933.html</link>
      <description />
    </item>
    <item>
      <guid>https://ipadkid358.github.io/index.html</guid>
      <title>ipad_kidDeamon Of Hope</title>
      <link>https://ipadkid358.github.io/index.html</link>
      <description />
    </item>
    <item>
      <guid>https://ipadkid358.github.io/clash.html</guid>
      <title>About my Clash life</title>
      <link>https://ipadkid358.github.io/clash.html</link>
      <description />
    </item>
    <item>
      <guid>https://ipadkid358.github.io/jailbreak102</guid>
      <title>iOS 10 - 10.2 Jailbreak Info</title>
      <link>https://ipadkid358.github.io/jailbreak102</link>
      <description />
    </item>
  </channel>
</rss>
<!--<guid value="f6b4515d-2954-4b66-be4d-8f2a3bf818dc" />-->
<!--Created using XmlSitemapGenerator.org - Free HTML, RSS and XML sitemap generator-->